11th Ave,1,2
11th Ave,2,1
11th Ave,2,3
11th Ave,3,2
11th Ave,3,4
11th Ave,4,3
11th Ave,4,5
11th Ave,5,4
11th Ave,5,6
11th Ave,6,5
11th Ave,6,7
11th Ave,7,6
11th Ave,7,8
11th Ave,8,7
11th Ave,8,9
11th Ave,9,8
11th Ave,9,10
11th Ave,10,9
11th Ave,10,11
11th Ave,11,10
11th Ave,11,12
11th Ave,12,11
11th Ave,12,13
11th Ave,13,12
11th Ave,13,14
11th Ave,14,13
11th Ave,14,15
11th Ave,15,14
11th Ave,15,16
11th Ave,16,15
11th Ave,16,17
11th Ave,17,16
11th Ave,17,18
11th Ave,18,17
11th Ave,18,19
11th Ave,19,18
11th Ave,19,20
11th Ave,20,19
11th Ave,20,21
11th Ave,21,20
10th Ave,21,22
10th Ave,22,21
10th Ave,22,23
10th Ave,23,22
10th Ave,23,24
10th Ave,24,23
10th Ave,24,25
10th Ave,25,24
10th Ave,25,26
10th Ave,26,25
10th Ave,26,27
10th Ave,27,26
10th Ave,27,28
10th Ave,28,27
10th Ave,28,29
10th Ave,29,28
10th Ave,29,30
10th Ave,30,29
10th Ave,30,31
10th Ave,31,30
10th Ave,31,32
10th Ave,32,31
10th Ave,32,33
10th Ave,33,32
10th Ave,33,34
10th Ave,34,33
10th Ave,34,35
10th Ave,35,34
10th Ave,35,36
10th Ave,36,35
10th Ave,36,37
10th Ave,37,36
10th Ave,37,38
10th Ave,38,37
10th Ave,38,39
10th Ave,39,38
10th Ave,39,40
10th Ave,40,39
10th Ave,40,41
10th Ave,41,40
9th Ave,41,42
9th Ave,42,41
9th Ave,42,43
9th Ave,43,42
9th Ave,43,44
9th Ave,44,43
9th Ave,44,45
9th Ave,45,44
9th Ave,45,46
9th Ave,46,45
9th Ave,46,47
9th Ave,47,46
9th Ave,47,48
9th Ave,48,47
9th Ave,48,49
9th Ave,49,48
9th Ave,49,50
9th Ave,50,49
9th Ave,50,51
9th Ave,51,50
9th Ave,51,52
9th Ave,52,51
9th Ave,52,53
9th Ave,53,52
9th Ave,53,54
9th Ave,54,53
9th Ave,54,55
9th Ave,55,54
9th Ave,55,56
9th Ave,56,55
9th Ave,56,57
9th Ave,57,56
9th Ave,57,58
9th Ave,58,57
9th Ave,58,59
9th Ave,59,58
9th Ave,59,60
9th Ave,60,59
9th Ave,60,61
9th Ave,61,60
8th Ave,61,62
8th Ave,62,61
8th Ave,62,63
8th Ave,63,62
8th Ave,63,64
8th Ave,64,63
8th Ave,64,65
8th Ave,65,64
8th Ave,65,66
8th Ave,66,65
8th Ave,66,67
8th Ave,67,66
8th Ave,67,68
8th Ave,68,67
8th Ave,68,69
8th Ave,69,68
8th Ave,69,70
8th Ave,70,69
8th Ave,70,71
8th Ave,71,70
8th Ave,71,72
8th Ave,72,71
8th Ave,72,73
8th Ave,73,72
8th Ave,73,74
8th Ave,74,73
8th Ave,74,75
8th Ave,75,74
8th Ave,75,76
8th Ave,76,75
8th Ave,76,77
8th Ave,77,76
8th Ave,77,78
8th Ave,78,77
8th Ave,78,79
8th Ave,79,78
8th Ave,79,80
8th Ave,80,79
8th Ave,80,81
8th Ave,81,80
7th Ave,81,82
7th Ave,82,81
7th Ave,82,83
7th Ave,83,82
7th Ave,83,84
7th Ave,84,83
7th Ave,84,85
7th Ave,85,84
7th Ave,85,86
7th Ave,86,85
7th Ave,86,87
7th Ave,87,86
7th Ave,87,88
7th Ave,88,87
7th Ave,88,89
7th Ave,89,88
7th Ave,89,90
7th Ave,90,89
7th Ave,90,91
7th Ave,91,90
7th Ave,91,92
7th Ave,92,91
7th Ave,92,93
7th Ave,93,92
7th Ave,93,94
7th Ave,94,93
7th Ave,94,95
7th Ave,95,94
7th Ave,95,96
7th Ave,96,95
7th Ave,96,97
7th Ave,97,96
7th Ave,97,98
7th Ave,98,97
7th Ave,98,99
7th Ave,99,98
7th Ave,99,100
7th Ave,100,99
7th Ave,100,101
7th Ave,101,100
W 23 St,20,0
W 23 St,0,20
W 24 St,21,1
W 24 St,1,21
W 25 St,22,2
W 25 St,2,22
W 26 St,23,3
W 26 St,3,23
W 27 St,24,4
W 27 St,4,24
W 28 St,25,5
W 28 St,5,25
W 29 St,26,6
W 29 St,6,26
W 30 St,27,7
W 30 St,7,27
W 31 St,28,8
W 31 St,8,28
W 32 St,29,9
W 32 St,9,29
W 33 St,30,10
W 33 St,10,30
W 34 St,31,11
W 34 St,11,31
W 35 St,32,12
W 35 St,12,32
W 36 St,33,13
W 36 St,13,33
W 37 St,34,14
W 37 St,14,34
W 38 St,35,15
W 38 St,15,35
W 39 St,36,16
W 39 St,16,36
W 40 St,37,17
W 40 St,17,37
W 41 St,38,18
W 41 St,18,38
W 42 St,39,19
W 42 St,19,39
W 23 St,40,20
W 23 St,20,40
W 24 St,41,21
W 24 St,21,41
W 25 St,42,22
W 25 St,22,42
W 26 St,43,23
W 26 St,23,43
W 27 St,44,24
W 27 St,24,44
W 28 St,45,25
W 28 St,25,45
W 29 St,46,26
W 29 St,26,46
W 30 St,47,27
W 30 St,27,47
W 31 St,48,28
W 31 St,28,48
W 32 St,49,29
W 32 St,29,49
W 33 St,50,30
W 33 St,30,50
W 34 St,51,31
W 34 St,31,51
W 35 St,52,32
W 35 St,32,52
W 36 St,53,33
W 36 St,33,53
W 37 St,54,34
W 37 St,34,54
W 38 St,55,35
W 38 St,35,55
W 39 St,56,36
W 39 St,36,56
W 40 St,57,37
W 40 St,37,57
W 41 St,58,38
W 41 St,38,58
W 42 St,59,39
W 42 St,39,59
W 23 St,60,40
W 23 St,40,60
W 24 St,61,41
W 24 St,41,61
W 25 St,62,42
W 25 St,42,62
W 26 St,63,43
W 26 St,43,63
W 27 St,64,44
W 27 St,44,64
W 28 St,65,45
W 28 St,45,65
W 29 St,66,46
W 29 St,46,66
W 30 St,67,47
W 30 St,47,67
W 31 St,68,48
W 31 St,48,68
W 32 St,69,49
W 32 St,49,69
W 33 St,70,50
W 33 St,50,70
W 34 St,71,51
W 34 St,51,71
W 35 St,72,52
W 35 St,52,72
W 36 St,73,53
W 36 St,53,73
W 37 St,74,54
W 37 St,54,74
W 38 St,75,55
W 38 St,55,75
W 39 St,76,56
W 39 St,56,76
W 40 St,77,57
W 40 St,57,77
W 41 St,78,58
W 41 St,58,78
W 42 St,79,59
W 42 St,59,79
W 23 St,80,60
W 23 St,60,80
W 24 St,81,61
W 24 St,61,81
W 25 St,82,62
W 25 St,62,82
W 26 St,83,63
W 26 St,63,83
W 27 St,84,64
W 27 St,64,84
W 28 St,85,65
W 28 St,65,85
W 29 St,86,66
W 29 St,66,86
W 30 St,87,67
W 30 St,67,87
W 31 St,88,68
W 31 St,68,88
W 32 St,89,69
W 32 St,69,89
W 33 St,90,70
W 33 St,70,90
W 34 St,91,71
W 34 St,71,91
W 35 St,92,72
W 35 St,72,92
W 36 St,93,73
W 36 St,73,93
W 37 St,94,74
W 37 St,74,94
W 38 St,95,75
W 38 St,75,95
W 39 St,96,76
W 39 St,76,96
W 40 St,97,77
W 40 St,77,97
W 41 St,98,78
W 41 St,78,98
W 42 St,99,79
W 42 St,79,99